state,Positive,Negative
Alabama,24.51820128479657,88.59743040685225
Alaska,26.622296173044923,87.52079866888519
Arizona,26.350574712643677,87.8448275862069
Arkansas,33.617747440273035,89.59044368600682
California,26.487193390960417,87.44856623393193
Colorado,26.542475888492532,87.81873431100541
Connecticut,26.366950182260023,86.69501822600243
Delaware,20.0,90.37037037037037
Florida,26.786355475763017,87.42070616397368
Georgia,26.164716272907928,87.30404062707
Hawaii,27.094474153297682,89.66131907308377
Idaho,27.67676767676768,89.6969696969697
Illinois,26.55012291723573,87.51707183829555
Indiana,24.956001407954943,90.320309750088
Iowa,24.810690423162583,87.61692650334075
Kansas,25.387708213670308,87.53589890867318
Kentucky,26.69286577992745,86.78960096735187
Louisiana,25.210727969348657,89.80842911877394
Maine,27.78272484416741,89.49243098842386
Maryland,26.18614415675297,88.80335899230231
Massachusetts,26.100535395597856,88.29565734681736
Michigan,25.887600356824265,87.74308652988402
Minnesota,24.87534626038781,87.31301939058172
Mississippi,25.902061855670105,89.17525773195877
Missouri,25.793770789234955,89.11400060477774
Montana,26.37215528781794,86.34538152610442
Nebraska,26.87296416938111,88.19218241042344
Nevada,25.57726465364121,86.6785079928952
New Hampshire,24.421965317919074,88.29479768786128
New Jersey,26.609678753619193,87.94981387012271
New Mexico,23.72013651877133,89.419795221843
New York,26.46770076575692,88.42201714771909
North Carolina,26.688851913477535,86.82196339434276
North Dakota,22.968197879858657,87.98586572438163
Ohio,26.63656884875846,87.62979683972912
Oklahoma,26.861924686192467,87.61506276150628
Oregon,26.04425658876181,88.01591248135256
Pennsylvania,26.44725938202912,87.20255712087132
Rhode Island,29.10547396528705,88.65153538050734
South Carolina,26.275659824046922,88.97360703812318
South Dakota,23.137254901960784,90.58823529411765
Tennessee,25.668449197860966,88.1283422459893
Texas,26.373035319428674,87.55154485149107
Utah,27.977839335180054,88.9196675900277
Vermont,21.986754966887418,90.72847682119205
Virginia,26.1,87.83999999999999
Washington,26.431757359500445,87.51115075825156
West Virginia,29.879101899827287,85.83765112262522
Wisconsin,26.10294117647059,89.15441176470588
Wyoming,28.115015974440894,84.02555910543131
