state,Difference
Alabama,-64.07922912205568
Alaska,-60.89850249584027
Arizona,-61.49425287356323
Arkansas,-55.972696245733786
California,-60.961372842971514
Colorado,-61.27625842251288
Connecticut,-60.328068043742405
Delaware,-70.37037037037037
Florida,-60.63435068821066
Georgia,-61.13932435416207
Hawaii,-62.56684491978609
Idaho,-62.02020202020202
Illinois,-60.966948921059824
Indiana,-65.36430834213306
Iowa,-62.80623608017817
Kansas,-62.14819069500287
Kentucky,-60.09673518742443
Louisiana,-64.59770114942529
Maine,-61.70970614425645
Maryland,-62.61721483554933
Massachusetts,-62.195121951219505
Michigan,-61.85548617305976
Minnesota,-62.4376731301939
Mississippi,-63.27319587628866
Missouri,-63.32022981554279
Montana,-59.97322623828648
Nebraska,-61.319218241042336
Nevada,-61.101243339254
New Hampshire,-63.8728323699422
New Jersey,-61.34013511650352
New Mexico,-65.69965870307168
New York,-61.95431638196217
North Carolina,-60.133111480865225
North Dakota,-65.01766784452298
Ohio,-60.99322799097067
Oklahoma,-60.753138075313814
Oregon,-61.971655892590746
Pennsylvania,-60.7552977388422
Rhode Island,-59.546061415220294
South Carolina,-62.69794721407625
South Dakota,-67.45098039215686
Tennessee,-62.459893048128336
Texas,-61.1785095320624
Utah,-60.94182825484765
Vermont,-68.74172185430463
Virginia,-61.73999999999999
Washington,-61.079393398751115
West Virginia,-55.95854922279793
Wisconsin,-63.05147058823529
Wyoming,-55.91054313099042
