state,Positive,Negative,Difference
Alabama,24.51820128479657,88.59743040685225,-64.07922912205568
Alaska,26.622296173044923,87.52079866888519,-60.89850249584027
Arizona,26.350574712643677,87.8448275862069,-61.49425287356323
Arkansas,33.617747440273035,89.59044368600682,-55.972696245733786
California,26.487193390960417,87.44856623393193,-60.961372842971514
Colorado,26.542475888492532,87.81873431100541,-61.27625842251288
Connecticut,26.366950182260023,86.69501822600243,-60.328068043742405
Delaware,20.0,90.37037037037037,-70.37037037037037
Florida,26.786355475763017,87.42070616397368,-60.63435068821066
Georgia,26.164716272907928,87.30404062707,-61.13932435416207
Hawaii,27.094474153297682,89.66131907308377,-62.56684491978609
Idaho,27.67676767676768,89.6969696969697,-62.02020202020202
Illinois,26.55012291723573,87.51707183829555,-60.966948921059824
Indiana,24.956001407954943,90.320309750088,-65.36430834213306
Iowa,24.810690423162583,87.61692650334075,-62.80623608017817
Kansas,25.387708213670308,87.53589890867318,-62.14819069500287
Kentucky,26.69286577992745,86.78960096735187,-60.09673518742443
Louisiana,25.210727969348657,89.80842911877394,-64.59770114942529
Maine,27.78272484416741,89.49243098842386,-61.70970614425645
Maryland,26.18614415675297,88.80335899230231,-62.61721483554933
Massachusetts,26.100535395597856,88.29565734681736,-62.195121951219505
Michigan,25.887600356824265,87.74308652988402,-61.85548617305976
Minnesota,24.87534626038781,87.31301939058172,-62.4376731301939
Mississippi,25.902061855670105,89.17525773195877,-63.27319587628866
Missouri,25.793770789234955,89.11400060477774,-63.32022981554279
Montana,26.37215528781794,86.34538152610442,-59.97322623828648
Nebraska,26.87296416938111,88.19218241042344,-61.319218241042336
Nevada,25.57726465364121,86.6785079928952,-61.101243339254
New Hampshire,24.421965317919074,88.29479768786128,-63.8728323699422
New Jersey,26.609678753619193,87.94981387012271,-61.34013511650352
New Mexico,23.72013651877133,89.419795221843,-65.69965870307168
New York,26.46770076575692,88.42201714771909,-61.95431638196217
North Carolina,26.688851913477535,86.82196339434276,-60.133111480865225
North Dakota,22.968197879858657,87.98586572438163,-65.01766784452298
Ohio,26.63656884875846,87.62979683972912,-60.99322799097067
Oklahoma,26.861924686192467,87.61506276150628,-60.753138075313814
Oregon,26.04425658876181,88.01591248135256,-61.971655892590746
Pennsylvania,26.44725938202912,87.20255712087132,-60.7552977388422
Rhode Island,29.10547396528705,88.65153538050734,-59.546061415220294
South Carolina,26.275659824046922,88.97360703812318,-62.69794721407625
South Dakota,23.137254901960784,90.58823529411765,-67.45098039215686
Tennessee,25.668449197860966,88.1283422459893,-62.459893048128336
Texas,26.373035319428674,87.55154485149107,-61.1785095320624
Utah,27.977839335180054,88.9196675900277,-60.94182825484765
Vermont,21.986754966887418,90.72847682119205,-68.74172185430463
Virginia,26.1,87.83999999999999,-61.73999999999999
Washington,26.431757359500445,87.51115075825156,-61.079393398751115
West Virginia,29.879101899827287,85.83765112262522,-55.95854922279793
Wisconsin,26.10294117647059,89.15441176470588,-63.05147058823529
Wyoming,28.115015974440894,84.02555910543131,-55.91054313099042
